{
    "description": "The English Indices of Deprivation 2010 provide a relative measure of deprivation at small area level across England. Areas are ranked from least deprived to most deprived on seven different dimensions of deprivation and an overall composite measure of multiple deprivation. Most of the data underlying the 2010 Indices are for the year 2008. \r\nThe domains used in the Indices of Deprivation 2010 are: income deprivation; employment deprivation; health deprivation and disability; education deprivation; crime deprivation; barriers to housing and services deprivation; and living environment deprivation. Each of these domains has its own scores and ranks, allowing users to focus on specific aspects of deprivation. \r\nIn addition, two supplementary indices measure income deprivation amongst children - the Income Deprivation Affecting Children Index (IDACI) - and older people - the Income Deprivation Affecting Older People Index (IDAOPI).", 
    "license": "OGL-UK-3.0", 
    "title": "English Indices of Deprivation 2010", 
    "filepath": "/media/hulk/packagezip/index-of-multiple-deprivation.zip", 
    "id": "4c4c4e50-0925-4ae6-b45c-ca8a350bd5c6", 
    "resources": [
        {
            "description": "Archive: English indices of deprivation", 
            "format": "html", 
            "url": "https://www.gov.uk/government/organisations/department-for-communities-and-local-government/series/english-indices-of-deprivation", 
            "included_in_zip": true, 
            "path": "data/english-indices-of-deprivation"
        }, 
        {
            "description": "2010:  Education, Skills & Training Domain", 
            "format": "xls", 
            "url": "https://www.gov.uk/government/uploads/system/uploads/attachment_data/file/6876/1871555.xls", 
            "included_in_zip": true, 
            "path": "data/1871555.xls"
        }, 
        {
            "description": "2010:  Health, Deprivation & Disability", 
            "format": "xls", 
            "url": "https://www.gov.uk/government/uploads/system/uploads/attachment_data/file/6875/1871537.xls", 
            "included_in_zip": true, 
            "path": "data/1871537.xls"
        }, 
        {
            "description": "2010: Crim Domain", 
            "format": "xls", 
            "url": "https://www.gov.uk/government/uploads/system/uploads/attachment_data/file/6878/1871562.xls", 
            "included_in_zip": true, 
            "path": "data/1871562.xls"
        }, 
        {
            "description": "2010:  Income Domain", 
            "format": "xls", 
            "url": "https://www.gov.uk/government/uploads/system/uploads/attachment_data/file/6873/1871528.xls", 
            "included_in_zip": true, 
            "path": "data/1871528.xls"
        }, 
        {
            "description": "2010:Barriers to Housing & Services Domain", 
            "format": "xls", 
            "url": "https://www.gov.uk/government/uploads/system/uploads/attachment_data/file/6877/1871559.xls", 
            "included_in_zip": true, 
            "path": "data/1871559.xls"
        }, 
        {
            "description": "2010:  Supplementary indices children & older people", 
            "format": "xls", 
            "url": "https://www.gov.uk/government/uploads/system/uploads/attachment_data/file/6883/1871683.xls", 
            "included_in_zip": true, 
            "path": "data/1871683.xls"
        }, 
        {
            "description": "2010:  Living Environment Domain", 
            "format": "xls", 
            "url": "https://www.gov.uk/government/uploads/system/uploads/attachment_data/file/6879/1871567.xls", 
            "included_in_zip": true, 
            "path": "data/1871567.xls"
        }, 
        {
            "description": "2010:  Overall", 
            "format": "xls", 
            "url": "https://www.gov.uk/government/uploads/system/uploads/attachment_data/file/6872/1871524.xls", 
            "included_in_zip": true, 
            "path": "data/1871524.xls"
        }, 
        {
            "description": "2010:  Local authority summaries", 
            "format": "xls", 
            "url": "https://www.gov.uk/government/uploads/system/uploads/attachment_data/file/6884/1871689.xls", 
            "included_in_zip": true, 
            "path": "data/1871689.xls"
        }, 
        {
            "description": "English Indices of Deprivation", 
            "format": "html", 
            "url": "https://www.gov.uk/government/publications/english-indices-of-deprivation-2010", 
            "included_in_zip": true, 
            "path": "data/english-indices-of-deprivation-2010"
        }, 
        {
            "description": "2010:  All domains, sub domains & supplementary indices", 
            "format": "csv", 
            "url": "https://www.gov.uk/government/uploads/system/uploads/attachment_data/file/15240/1871702.csv", 
            "included_in_zip": true, 
            "path": "data/1871702.csv"
        }, 
        {
            "description": "2010:  Employment Domain", 
            "format": "xls", 
            "url": "https://www.gov.uk/government/uploads/system/uploads/attachment_data/file/6874/1871534.xls", 
            "included_in_zip": true, 
            "path": "data/1871534.xls"
        }, 
        {
            "description": "2010:  County Summaries", 
            "format": "xls", 
            "url": "https://www.gov.uk/government/uploads/system/uploads/attachment_data/file/15241/1981199.xls", 
            "included_in_zip": true, 
            "path": "data/1981199.xls"
        }, 
        {
            "description": "2010:  Population denominators (mid-2008)", 
            "format": "xls", 
            "url": "https://www.gov.uk/government/uploads/system/uploads/attachment_data/file/15243/1981232.xls", 
            "included_in_zip": true, 
            "path": "data/1981232.xls"
        }, 
        {
            "description": "2010: Sub-domains barriers to housing & services ", 
            "format": "xls", 
            "url": "https://www.gov.uk/government/uploads/system/uploads/attachment_data/file/6881/1871657.xls", 
            "included_in_zip": true, 
            "path": "data/1871657.xls"
        }, 
        {
            "description": "2010:  Sub-domains education, skills & training", 
            "format": "xls", 
            "url": "https://www.gov.uk/government/uploads/system/uploads/attachment_data/file/6880/1871577.xls", 
            "included_in_zip": true, 
            "path": "data/1871577.xls"
        }, 
        {
            "description": "2010:  PCT Summaries", 
            "format": "xls", 
            "url": "https://www.gov.uk/government/uploads/system/uploads/attachment_data/file/15242/1981203.xls", 
            "included_in_zip": true, 
            "path": "data/1981203.xls"
        }, 
        {
            "description": "2010:  Sub-domains living environment", 
            "format": "xls", 
            "url": "https://www.gov.uk/government/uploads/system/uploads/attachment_data/file/6882/1871676.xls", 
            "included_in_zip": true, 
            "path": "data/1871676.xls"
        }
    ], 
    "name": "index-of-multiple-deprivation"
}