<?xml version="1.0" encoding="UTF-8"?>
<metadata xml:lang="en"><Esri><CreaDate>20170622</CreaDate><CreaTime>10102200</CreaTime><ArcGISFormat>1.0</ArcGISFormat><SyncOnce>TRUE</SyncOnce><DataProperties><lineage><Process ToolSource="c:\program files (x86)\arcgis\desktop10.4\ArcToolbox\Toolboxes\Data Management Tools.tbx\CalculateField" Date="20170622" Time="101022">CalculateField Pitts_MVA_2016_data PPubSub .038 VB #</Process><Process ToolSource="c:\program files (x86)\arcgis\desktop10.4\ArcToolbox\Toolboxes\Data Management Tools.tbx\CalculateField" Date="20170622" Time="101049">CalculateField Pitts_MVA_2016_data PPubSub .019 VB #</Process><Process ToolSource="c:\program files (x86)\arcgis\desktop10.4\ArcToolbox\Toolboxes\Data Management Tools.tbx\CalculateField" Date="20170622" Time="101136">CalculateField Pitts_MVA_2016_data PPubSub 0.0 VB #</Process><Process ToolSource="c:\program files (x86)\arcgis\desktop10.4\ArcToolbox\Toolboxes\Data Management Tools.tbx\CalculateField" Date="20170622" Time="101205">CalculateField Pitts_MVA_2016_data PPubSub 9.3 VB #</Process><Process ToolSource="c:\program files (x86)\arcgis\desktop10.4\ArcToolbox\Toolboxes\Data Management Tools.tbx\CalculateField" Date="20170622" Time="101214">CalculateField Pitts_MVA_2016_data PPubSub .093 VB #</Process><Process ToolSource="c:\program files (x86)\arcgis\desktop10.4\ArcToolbox\Toolboxes\Data Management Tools.tbx\CalculateField" Date="20170622" Time="101307">CalculateField Pitts_MVA_2016_data PPubSub .24 VB #</Process><Process ToolSource="c:\program files (x86)\arcgis\desktop10.4\ArcToolbox\Toolboxes\Data Management Tools.tbx\CalculateField" Date="20170622" Time="101332">CalculateField Pitts_MVA_2016_data PPubSub .027 VB #</Process><Process ToolSource="c:\program files (x86)\arcgis\desktop10.4\ArcToolbox\Toolboxes\Data Management Tools.tbx\CalculateField" Date="20170622" Time="101409">CalculateField Pitts_MVA_2016_data PPubSub .954 VB #</Process><Process ToolSource="c:\program files (x86)\arcgis\desktop10.4\ArcToolbox\Toolboxes\Data Management Tools.tbx\CalculateField" Date="20170622" Time="101425">CalculateField Pitts_MVA_2016_data PPubSub .13 VB #</Process><Process ToolSource="c:\program files (x86)\arcgis\desktop10.4\ArcToolbox\Toolboxes\Data Management Tools.tbx\CalculateField" Date="20170622" Time="101520">CalculateField Pitts_MVA_2016_data PPubSub .062 VB #</Process><Process ToolSource="c:\program files (x86)\arcgis\desktop10.4\ArcToolbox\Toolboxes\Data Management Tools.tbx\CalculateField" Date="20170622" Time="101537">CalculateField Pitts_MVA_2016_data PPubSub .013 VB #</Process><Process ToolSource="c:\program files (x86)\arcgis\desktop10.4\ArcToolbox\Toolboxes\Data Management Tools.tbx\CalculateField" Date="20170622" Time="101559">CalculateField Pitts_MVA_2016_data PPubSub .043 VB #</Process></lineage></DataProperties></Esri></metadata>
